rank,club,country,value_text,value_eur_m,snapshot_ts,snapshot_date,target_date
1,FC Barcelona,Spain,"1,16 Bill. €",1160.0,20190113173808,2019-01-13,2019-01-01
2,Manchester City,England,"1,13 Bill. €",1130.0,20190113173808,2019-01-13,2019-01-01
3,Real Madrid,Spain,"976,50 Mill. €",976.5,20190113173808,2019-01-13,2019-01-01
4,Liverpool FC,England,"926,50 Mill. €",926.5,20190113173808,2019-01-13,2019-01-01
5,Paris Saint-Germain,France,"899,65 Mill. €",899.65,20190113173808,2019-01-13,2019-01-01
6,Chelsea FC,England,"882,25 Mill. €",882.25,20190113173808,2019-01-13,2019-01-01
7,Atlético Madrid,Spain,"874,50 Mill. €",874.5,20190113173808,2019-01-13,2019-01-01
8,Tottenham Hotspur,England,"826,50 Mill. €",826.5,20190113173808,2019-01-13,2019-01-01
9,Juventus FC,Italy,"809,50 Mill. €",809.5,20190113173808,2019-01-13,2019-01-01
10,Manchester United,England,"775,00 Mill. €",775.0,20190113173808,2019-01-13,2019-01-01
11,Bayern Munich,Germany,"753,70 Mill. €",753.7,20190113173808,2019-01-13,2019-01-01
12,Arsenal FC,England,"604,50 Mill. €",604.5,20190113173808,2019-01-13,2019-01-01
13,Borussia Dortmund,Germany,"569,05 Mill. €",569.05,20190113173808,2019-01-13,2019-01-01
14,Inter Milan,Italy,"567,40 Mill. €",567.4,20190113173808,2019-01-13,2019-01-01
15,SSC Napoli,Italy,"559,00 Mill. €",559.0,20190113173808,2019-01-13,2019-01-01
16,AC Milan,Italy,"495,60 Mill. €",495.6,20190113173808,2019-01-13,2019-01-01
17,Everton FC,England,"435,50 Mill. €",435.5,20190113173808,2019-01-13,2019-01-01
18,AS Roma,Italy,"399,40 Mill. €",399.4,20190113173808,2019-01-13,2019-01-01
19,Olympique Lyon,France,"389,40 Mill. €",389.4,20190113173808,2019-01-13,2019-01-01
20,RB Leipzig,Germany,"384,50 Mill. €",384.5,20190113173808,2019-01-13,2019-01-01
21,Bayer 04 Leverkusen,Germany,"377,50 Mill. €",377.5,20190113173808,2019-01-13,2019-01-01
22,Valencia CF,Spain,"372,50 Mill. €",372.5,20190113173808,2019-01-13,2019-01-01
23,Ajax Amsterdam,Netherlands,"368,75 Mill. €",368.75,20190113173808,2019-01-13,2019-01-01
24,Leicester City,England,"336,00 Mill. €",336.0,20190113173808,2019-01-13,2019-01-01
25,AS Monaco,Monaco,"318,15 Mill. €",318.15,20190113173808,2019-01-13,2019-01-01
1,FC Barcelona,Spain,"1,18 Bill. €",1180.0,20190408171358,2019-04-08,2019-04-01
2,Manchester City,England,"1,14 Bill. €",1140.0,20190408171358,2019-04-08,2019-04-01
3,Real Madrid,Spain,"965,30 Mill. €",965.3,20190408171358,2019-04-08,2019-04-01
4,Atlético Madrid,Spain,"955,00 Mill. €",955.0,20190408171358,2019-04-08,2019-04-01
5,Liverpool FC,England,"950,50 Mill. €",950.5,20190408171358,2019-04-08,2019-04-01
6,Paris Saint-Germain,France,"927,65 Mill. €",927.65,20190408171358,2019-04-08,2019-04-01
7,Chelsea FC,England,"885,75 Mill. €",885.75,20190408171358,2019-04-08,2019-04-01
8,Tottenham Hotspur,England,"835,50 Mill. €",835.5,20190408171358,2019-04-08,2019-04-01
9,Manchester United,England,"796,00 Mill. €",796.0,20190408171358,2019-04-08,2019-04-01
10,Juventus FC,Italy,"782,50 Mill. €",782.5,20190408171358,2019-04-08,2019-04-01
11,Bayern Munich,Germany,"770,70 Mill. €",770.7,20190408171358,2019-04-08,2019-04-01
12,Arsenal FC,England,"625,50 Mill. €",625.5,20190408171358,2019-04-08,2019-04-01
13,Borussia Dortmund,Germany,"602,30 Mill. €",602.3,20190408171358,2019-04-08,2019-04-01
14,SSC Napoli,Italy,"563,00 Mill. €",563.0,20190408171358,2019-04-08,2019-04-01
15,Inter Milan,Italy,"557,40 Mill. €",557.4,20190408171358,2019-04-08,2019-04-01
16,AC Milan,Italy,"530,00 Mill. €",530.0,20190408171358,2019-04-08,2019-04-01
17,RB Leipzig,Germany,"432,30 Mill. €",432.3,20190408171358,2019-04-08,2019-04-01
18,AS Roma,Italy,"424,90 Mill. €",424.9,20190408171358,2019-04-08,2019-04-01
19,Olympique Lyon,France,"420,40 Mill. €",420.4,20190408171358,2019-04-08,2019-04-01
20,Everton FC,England,"420,00 Mill. €",420.0,20190408171358,2019-04-08,2019-04-01
21,Ajax Amsterdam,Netherlands,"419,80 Mill. €",419.8,20190408171358,2019-04-08,2019-04-01
22,Bayer 04 Leverkusen,Germany,"387,25 Mill. €",387.25,20190408171358,2019-04-08,2019-04-01
23,Valencia CF,Spain,"353,00 Mill. €",353.0,20190408171358,2019-04-08,2019-04-01
24,Leicester City,England,"347,00 Mill. €",347.0,20190408171358,2019-04-08,2019-04-01
25,West Ham United,England,"323,00 Mill. €",323.0,20190408171358,2019-04-08,2019-04-01
1,FC Barcelona,Spain,"1,26 Bill. €",1260.0,20190722155659,2019-07-22,2019-07-01
2,Manchester City,England,"1,24 Bill. €",1240.0,20190722155659,2019-07-22,2019-07-01
3,Real Madrid,Spain,"1,23 Bill. €",1230.0,20190722155659,2019-07-22,2019-07-01
4,Liverpool FC,England,"1,09 Bill. €",1090.0,20190722155659,2019-07-22,2019-07-01
5,Paris Saint-Germain,France,"970,20 Mill. €",970.2,20190722155659,2019-07-22,2019-07-01
6,Juventus FC,Italy,"944,00 Mill. €",944.0,20190722155659,2019-07-22,2019-07-01
7,Tottenham Hotspur,England,"912,00 Mill. €",912.0,20190722155659,2019-07-22,2019-07-01
8,Chelsea FC,England,"880,75 Mill. €",880.75,20190722155659,2019-07-22,2019-07-01
9,Atlético Madrid,Spain,"829,40 Mill. €",829.4,20190722155659,2019-07-22,2019-07-01
10,Manchester United,England,"801,10 Mill. €",801.1,20190722155659,2019-07-22,2019-07-01
11,Bayern Munich,Germany,"757,15 Mill. €",757.15,20190722155659,2019-07-22,2019-07-01
12,Borussia Dortmund,Germany,"682,60 Mill. €",682.6,20190722155659,2019-07-22,2019-07-01
13,SSC Napoli,Italy,"620,55 Mill. €",620.55,20190722155659,2019-07-22,2019-07-01
14,Inter Milan,Italy,"591,80 Mill. €",591.8,20190722155659,2019-07-22,2019-07-01
15,Arsenal FC,England,"580,75 Mill. €",580.75,20190722155659,2019-07-22,2019-07-01
16,AC Milan,Italy,"503,00 Mill. €",503.0,20190722155659,2019-07-22,2019-07-01
17,RB Leipzig,Germany,"490,00 Mill. €",490.0,20190722155659,2019-07-22,2019-07-01
18,Everton FC,England,"485,00 Mill. €",485.0,20190722155659,2019-07-22,2019-07-01
19,Valencia CF,Spain,"467,20 Mill. €",467.2,20190722155659,2019-07-22,2019-07-01
20,Leicester City,England,"435,03 Mill. €",435.03,20190722155659,2019-07-22,2019-07-01
21,AS Roma,Italy,"419,35 Mill. €",419.35,20190722155659,2019-07-22,2019-07-01
22,Bayer 04 Leverkusen,Germany,"404,05 Mill. €",404.05,20190722155659,2019-07-22,2019-07-01
23,Olympique Lyon,France,"401,20 Mill. €",401.2,20190722155659,2019-07-22,2019-07-01
24,Ajax Amsterdam,Netherlands,"372,40 Mill. €",372.4,20190722155659,2019-07-22,2019-07-01
25,West Ham United,England,"357,75 Mill. €",357.75,20190722155659,2019-07-22,2019-07-01
1,Manchester City,England,"1,28 bil. €",1.28,20191012011653,2019-10-12,2019-10-01
2,Real Madrid,Spain,"1,19 bil. €",1.19,20191012011653,2019-10-12,2019-10-01
3,FC Barcelona,Spain,"1,18 bil. €",1.18,20191012011653,2019-10-12,2019-10-01
4,Liverpool FC,England,"1,07 bil. €",1.07,20191012011653,2019-10-12,2019-10-01
5,Paris Saint-Germain,France,"1,05 bil. €",1.05,20191012011653,2019-10-12,2019-10-01
6,Tottenham Hotspur,England,"984,00 mil. €",984.0,20191012011653,2019-10-12,2019-10-01
7,Bayern Munich,Germany,"882,65 mil. €",882.65,20191012011653,2019-10-12,2019-10-01
8,Atlético Madrid,Spain,"872,50 mil. €",872.5,20191012011653,2019-10-12,2019-10-01
9,Juventus FC,Italy,"837,50 mil. €",837.5,20191012011653,2019-10-12,2019-10-01
10,Chelsea FC,England,"807,00 mil. €",807.0,20191012011653,2019-10-12,2019-10-01
11,Manchester United,England,"753,25 mil. €",753.25,20191012011653,2019-10-12,2019-10-01
12,Arsenal FC,England,"690,75 mil. €",690.75,20191012011653,2019-10-12,2019-10-01
13,SSC Napoli,Italy,"653,30 mil. €",653.3,20191012011653,2019-10-12,2019-10-01
14,Borussia Dortmund,Germany,"640,50 mil. €",640.5,20191012011653,2019-10-12,2019-10-01
15,Inter Milan,Italy,"567,30 mil. €",567.3,20191012011653,2019-10-12,2019-10-01
16,RB Leipzig,Germany,"544,60 mil. €",544.6,20191012011653,2019-10-12,2019-10-01
17,Everton FC,England,"506,00 mil. €",506.0,20191012011653,2019-10-12,2019-10-01
18,AC Milan,Italy,"505,00 mil. €",505.0,20191012011653,2019-10-12,2019-10-01
19,Valencia CF,Spain,"495,50 mil. €",495.5,20191012011653,2019-10-12,2019-10-01
20,AS Roma,Italy,"422,40 mil. €",422.4,20191012011653,2019-10-12,2019-10-01
21,Bayer 04 Leverkusen,Germany,"415,25 mil. €",415.25,20191012011653,2019-10-12,2019-10-01
22,Leicester City,England,"410,25 mil. €",410.25,20191012011653,2019-10-12,2019-10-01
23,Ajax Amsterdam,Netherlands,"375,90 mil. €",375.9,20191012011653,2019-10-12,2019-10-01
24,Olympique Lyon,France,"367,70 mil. €",367.7,20191012011653,2019-10-12,2019-10-01
25,AS Monaco,Monaco,"354,25 mil. €",354.25,20191012011653,2019-10-12,2019-10-01
1,Manchester City,England,€1.30bn,1300.0,20200101222624,2020-01-01,2020-01-01
2,Liverpool FC,England,€1.19bn,1190.0,20200101222624,2020-01-01,2020-01-01
3,FC Barcelona,Spain,€1.07bn,1070.0,20200101222624,2020-01-01,2020-01-01
4,Real Madrid,Spain,€1.07bn,1070.0,20200101222624,2020-01-01,2020-01-01
5,Paris Saint-Germain,France,€1.01bn,1010.0,20200101222624,2020-01-01,2020-01-01
6,Tottenham Hotspur,England,€965.50m,965.5,20200101222624,2020-01-01,2020-01-01
7,Bayern Munich,Germany,€892.65m,892.65,20200101222624,2020-01-01,2020-01-01
8,Chelsea FC,England,€840.75m,840.75,20200101222624,2020-01-01,2020-01-01
9,Atlético Madrid,Spain,€835.50m,835.5,20200101222624,2020-01-01,2020-01-01
10,Juventus FC,Italy,€810.00m,810.0,20200101222624,2020-01-01,2020-01-01
11,Manchester United,England,€748.25m,748.25,20200101222624,2020-01-01,2020-01-01
12,Arsenal FC,England,€678.05m,678.05,20200101222624,2020-01-01,2020-01-01
13,Inter Milan,Italy,€655.90m,655.9,20200101222624,2020-01-01,2020-01-01
14,Borussia Dortmund,Germany,€640.40m,640.4,20200101222624,2020-01-01,2020-01-01
15,SSC Napoli,Italy,€630.70m,630.7,20200101222624,2020-01-01,2020-01-01
16,RB Leipzig,Germany,€590.40m,590.4,20200101222624,2020-01-01,2020-01-01
17,Valencia CF,Spain,€511.50m,511.5,20200101222624,2020-01-01,2020-01-01
18,Leicester City,England,€505.50m,505.5,20200101222624,2020-01-01,2020-01-01
19,Everton FC,England,€495.70m,495.7,20200101222624,2020-01-01,2020-01-01
20,AC Milan,Italy,€460.80m,460.8,20200101222624,2020-01-01,2020-01-01
21,AS Roma,Italy,€447.80m,447.8,20200101222624,2020-01-01,2020-01-01
22,Bayer 04 Leverkusen,Germany,€439.75m,439.75,20200101222624,2020-01-01,2020-01-01
23,Ajax Amsterdam,Netherlands,€429.40m,429.4,20200101222624,2020-01-01,2020-01-01
24,Olympique Lyon,France,€382.40m,382.4,20200101222624,2020-01-01,2020-01-01
25,SL Benfica,Portugal,€364.00m,364.0,20200101222624,2020-01-01,2020-01-01
1,Manchester City,England,€1.27bn,1270.0,20200403001743,2020-04-03,2020-04-01
2,Liverpool FC,England,€1.19bn,1190.0,20200403001743,2020-04-03,2020-04-01
3,Real Madrid,Spain,€1.08bn,1080.0,20200403001743,2020-04-03,2020-04-01
4,FC Barcelona,Spain,€1.06bn,1060.0,20200403001743,2020-04-03,2020-04-01
5,Paris Saint-Germain,France,€1.02bn,1020.0,20200403001743,2020-04-03,2020-04-01
6,Bayern Munich,Germany,€935.15m,935.15,20200403001743,2020-04-03,2020-04-01
7,Atlético Madrid,Spain,€870.50m,870.5,20200403001743,2020-04-03,2020-04-01
8,Tottenham Hotspur,England,€863.50m,863.5,20200403001743,2020-04-03,2020-04-01
9,Chelsea FC,England,€829.05m,829.05,20200403001743,2020-04-03,2020-04-01
10,Manchester United,England,€798.75m,798.75,20200403001743,2020-04-03,2020-04-01
11,Juventus FC,Italy,€755.50m,755.5,20200403001743,2020-04-03,2020-04-01
12,Arsenal FC,England,€706.75m,706.75,20200403001743,2020-04-03,2020-04-01
13,Borussia Dortmund,Germany,€691.40m,691.4,20200403001743,2020-04-03,2020-04-01
14,Inter Milan,Italy,€685.40m,685.4,20200403001743,2020-04-03,2020-04-01
15,SSC Napoli,Italy,€656.00m,656.0,20200403001743,2020-04-03,2020-04-01
16,RB Leipzig,Germany,€630.40m,630.4,20200403001743,2020-04-03,2020-04-01
17,Valencia CF,Spain,€524.50m,524.5,20200403001743,2020-04-03,2020-04-01
18,Everton FC,England,€504.70m,504.7,20200403001743,2020-04-03,2020-04-01
19,Leicester City,England,€504.25m,504.25,20200403001743,2020-04-03,2020-04-01
20,Olympique Lyon,France,€459.00m,459.0,20200403001743,2020-04-03,2020-04-01
21,Bayer 04 Leverkusen,Germany,€457.25m,457.25,20200403001743,2020-04-03,2020-04-01
22,Ajax Amsterdam,Netherlands,€434.90m,434.9,20200403001743,2020-04-03,2020-04-01
23,AS Roma,Italy,€431.30m,431.3,20200403001743,2020-04-03,2020-04-01
24,AC Milan,Italy,€398.50m,398.5,20200403001743,2020-04-03,2020-04-01
25,Real Sociedad,Spain,€390.00m,390.0,20200403001743,2020-04-03,2020-04-01
1,Manchester City,England,€1.06bn,1060.0,20200703114142,2020-07-03,2020-07-01
2,Liverpool FC,England,€985.95m,985.95,20200703114142,2020-07-03,2020-07-01
3,Real Madrid,Spain,€942.50m,942.5,20200703114142,2020-07-03,2020-07-01
4,FC Barcelona,Spain,€896.80m,896.8,20200703114142,2020-07-03,2020-07-01
5,Chelsea FC,England,€830.00m,830.0,20200703114142,2020-07-03,2020-07-01
6,Paris Saint-Germain,France,€786.45m,786.45,20200703114142,2020-07-03,2020-07-01
7,Bayern Munich,Germany,€782.08m,782.08,20200703114142,2020-07-03,2020-07-01
8,Atlético Madrid,Spain,€724.30m,724.3,20200703114142,2020-07-03,2020-07-01
9,Tottenham Hotspur,England,€701.00m,701.0,20200703114142,2020-07-03,2020-07-01
10,Manchester United,England,€655.18m,655.18,20200703114142,2020-07-03,2020-07-01
11,Juventus FC,Italy,€620.70m,620.7,20200703114142,2020-07-03,2020-07-01
12,Arsenal FC,England,€601.85m,601.85,20200703114142,2020-07-03,2020-07-01
13,Borussia Dortmund,Germany,€558.45m,558.45,20200703114142,2020-07-03,2020-07-01
14,Inter Milan,Italy,€554.25m,554.25,20200703114142,2020-07-03,2020-07-01
15,SSC Napoli,Italy,€534.95m,534.95,20200703114142,2020-07-03,2020-07-01
16,RB Leipzig,Germany,€441.58m,441.58,20200703114142,2020-07-03,2020-07-01
17,Valencia CF,Spain,€424.23m,424.23,20200703114142,2020-07-03,2020-07-01
18,Leicester City,England,€420.10m,420.1,20200703114142,2020-07-03,2020-07-01
19,Everton FC,England,€415.15m,415.15,20200703114142,2020-07-03,2020-07-01
20,Bayer 04 Leverkusen,Germany,€399.85m,399.85,20200703114142,2020-07-03,2020-07-01
21,Olympique Lyon,France,€369.40m,369.4,20200703114142,2020-07-03,2020-07-01
22,AS Roma,Italy,€365.20m,365.2,20200703114142,2020-07-03,2020-07-01
23,Ajax Amsterdam,Netherlands,€334.70m,334.7,20200703114142,2020-07-03,2020-07-01
24,AC Milan,Italy,€334.50m,334.5,20200703114142,2020-07-03,2020-07-01
25,Real Sociedad,Spain,€329.90m,329.9,20200703114142,2020-07-03,2020-07-01
1,Liverpool FC,England,€1.10bn,1100.0,20200923041319,2020-09-23,2020-10-01
2,Manchester City,England,€1.03bn,1030.0,20200923041319,2020-09-23,2020-10-01
3,FC Barcelona,Spain,€999.50m,999.5,20200923041319,2020-09-23,2020-10-01
4,Chelsea FC,England,€917.70m,917.7,20200923041319,2020-09-23,2020-10-01
5,Real Madrid,Spain,€877.20m,877.2,20200923041319,2020-09-23,2020-10-01
6,Bayern Munich,Germany,€837.95m,837.95,20200923041319,2020-09-23,2020-10-01
7,Manchester United,England,€799.40m,799.4,20200923041319,2020-09-23,2020-10-01
8,Paris Saint-Germain,France,€784.90m,784.9,20200923041319,2020-09-23,2020-10-01
9,Tottenham Hotspur,England,€774.55m,774.55,20200923041319,2020-09-23,2020-10-01
10,Inter Milan,Italy,€745.10m,745.1,20200923041319,2020-09-23,2020-10-01
11,Atlético Madrid,Spain,€744.00m,744.0,20200923041319,2020-09-23,2020-10-01
12,Juventus FC,Italy,€696.70m,696.7,20200923041319,2020-09-23,2020-10-01
13,Arsenal FC,England,€647.25m,647.25,20200923041319,2020-09-23,2020-10-01
14,Borussia Dortmund,Germany,€593.75m,593.75,20200923041319,2020-09-23,2020-10-01
15,SSC Napoli,Italy,€590.18m,590.18,20200923041319,2020-09-23,2020-10-01
16,RB Leipzig,Germany,€510.63m,510.63,20200923041319,2020-09-23,2020-10-01
17,Everton FC,England,€491.05m,491.05,20200923041319,2020-09-23,2020-10-01
18,Leicester City,England,€461.30m,461.3,20200923041319,2020-09-23,2020-10-01
19,AC Milan,Italy,€427.70m,427.7,20200923041319,2020-09-23,2020-10-01
20,SL Benfica,Portugal,€381.20m,381.2,20200923041319,2020-09-23,2020-10-01
21,Atalanta BC,Italy,€378.10m,378.1,20200923041319,2020-09-23,2020-10-01
22,Sevilla FC,Spain,€351.90m,351.9,20200923041319,2020-09-23,2020-10-01
23,SS Lazio,Italy,€346.13m,346.13,20200923041319,2020-09-23,2020-10-01
24,AS Roma,Italy,€340.10m,340.1,20200923041319,2020-09-23,2020-10-01
25,Olympique Lyon,France,€332.88m,332.88,20200923041319,2020-09-23,2020-10-01
1,Liverpool FC,England,€1.11bn,1110.0,20210118053640,2021-01-18,2021-01-01
2,Manchester City,England,€1.06bn,1060.0,20210118053640,2021-01-18,2021-01-01
3,Bayern Munich,Germany,€891.40m,891.4,20210118053640,2021-01-18,2021-01-01
4,Paris Saint-Germain,France,€870.00m,870.0,20210118053640,2021-01-18,2021-01-01
5,Chelsea FC,England,€827.05m,827.05,20210118053640,2021-01-18,2021-01-01
6,FC Barcelona,Spain,€808.50m,808.5,20210118053640,2021-01-18,2021-01-01
7,Real Madrid,Spain,€782.00m,782.0,20210118053640,2021-01-18,2021-01-01
8,Atlético Madrid,Spain,€770.20m,770.2,20210118053640,2021-01-18,2021-01-01
9,Manchester United,England,€765.35m,765.35,20210118053640,2021-01-18,2021-01-01
10,Tottenham Hotspur,England,€737.15m,737.15,20210118053640,2021-01-18,2021-01-01
11,Juventus FC,Italy,€690.90m,690.9,20210118053640,2021-01-18,2021-01-01
12,Borussia Dortmund,Germany,€615.20m,615.2,20210118053640,2021-01-18,2021-01-01
13,Inter Milan,Italy,€607.30m,607.3,20210118053640,2021-01-18,2021-01-01
14,SSC Napoli,Italy,€587.50m,587.5,20210118053640,2021-01-18,2021-01-01
15,Arsenal FC,England,€560.70m,560.7,20210118053640,2021-01-18,2021-01-01
16,RB Leipzig,Germany,€552.48m,552.48,20210118053640,2021-01-18,2021-01-01
17,Everton FC,England,€507.30m,507.3,20210118053640,2021-01-18,2021-01-01
18,AC Milan,Italy,€489.30m,489.3,20210118053640,2021-01-18,2021-01-01
19,Leicester City,England,€480.50m,480.5,20210118053640,2021-01-18,2021-01-01
20,Wolverhampton Wanderers,England,€422.60m,422.6,20210118053640,2021-01-18,2021-01-01
21,Atalanta BC,Italy,€375.00m,375.0,20210118053640,2021-01-18,2021-01-01
22,SS Lazio,Italy,€357.30m,357.3,20210118053640,2021-01-18,2021-01-01
23,AS Roma,Italy,€356.45m,356.45,20210118053640,2021-01-18,2021-01-01
24,Real Sociedad,Spain,€348.90m,348.9,20210118053640,2021-01-18,2021-01-01
25,Bayer 04 Leverkusen,Germany,€347.45m,347.45,20210118053640,2021-01-18,2021-01-01
1,Manchester City,England,€1.03bn,1030.0,20210506042018,2021-05-06,2021-04-01
2,Liverpool FC,England,€1.01bn,1010.0,20210506042018,2021-05-06,2021-04-01
3,Bayern Munich,Germany,€841.60m,841.6,20210506042018,2021-05-06,2021-04-01
4,Paris Saint-Germain,France,€828.95m,828.95,20210506042018,2021-05-06,2021-04-01
5,FC Barcelona,Spain,€823.00m,823.0,20210506042018,2021-05-06,2021-04-01
6,Chelsea FC,England,€779.80m,779.8,20210506042018,2021-05-06,2021-04-01
7,Atlético Madrid,Spain,€748.00m,748.0,20210506042018,2021-05-06,2021-04-01
8,Real Madrid,Spain,€745.50m,745.5,20210506042018,2021-05-06,2021-04-01
9,Manchester United,England,€717.95m,717.95,20210506042018,2021-05-06,2021-04-01
10,Tottenham Hotspur,England,€680.80m,680.8,20210506042018,2021-05-06,2021-04-01
11,Juventus FC,Italy,€678.10m,678.1,20210506042018,2021-05-06,2021-04-01
12,Inter Milan,Italy,€618.30m,618.3,20210506042018,2021-05-06,2021-04-01
13,Borussia Dortmund,Germany,€581.45m,581.45,20210506042018,2021-05-06,2021-04-01
14,RB Leipzig,Germany,€561.78m,561.78,20210506042018,2021-05-06,2021-04-01
15,Arsenal FC,England,€549.10m,549.1,20210506042018,2021-05-06,2021-04-01
16,SSC Napoli,Italy,€533.00m,533.0,20210506042018,2021-05-06,2021-04-01
17,AC Milan,Italy,€508.80m,508.8,20210506042018,2021-05-06,2021-04-01
18,Leicester City,England,€475.90m,475.9,20210506042018,2021-05-06,2021-04-01
19,Everton FC,England,€464.50m,464.5,20210506042018,2021-05-06,2021-04-01
20,Wolverhampton Wanderers,England,€412.10m,412.1,20210506042018,2021-05-06,2021-04-01
21,AS Roma,Italy,€386.85m,386.85,20210506042018,2021-05-06,2021-04-01
22,Bayer 04 Leverkusen,Germany,€385.40m,385.4,20210506042018,2021-05-06,2021-04-01
23,Atalanta BC,Italy,€381.00m,381.0,20210506042018,2021-05-06,2021-04-01
24,Aston Villa,England,€379.70m,379.7,20210506042018,2021-05-06,2021-04-01
25,Sevilla FC,Spain,€369.90m,369.9,20210506042018,2021-05-06,2021-04-01
1,Manchester City,England,€1.03bn,1030.0,20210619221432,2021-06-19,2021-07-01
2,Liverpool FC,England,€912.50m,912.5,20210619221432,2021-06-19,2021-07-01
3,Chelsea FC,England,€858.45m,858.45,20210619221432,2021-06-19,2021-07-01
4,Bayern Munich,Germany,€814.20m,814.2,20210619221432,2021-06-19,2021-07-01
5,Paris Saint-Germain,France,€790.80m,790.8,20210619221432,2021-06-19,2021-07-01
6,FC Barcelona,Spain,€780.50m,780.5,20210619221432,2021-06-19,2021-07-01
7,Manchester United,England,€736.55m,736.55,20210619221432,2021-06-19,2021-07-01
8,Real Madrid,Spain,€706.50m,706.5,20210619221432,2021-06-19,2021-07-01
9,Atlético de Madrid,Spain,€701.50m,701.5,20210619221432,2021-06-19,2021-07-01
10,Tottenham Hotspur,England,€668.00m,668.0,20210619221432,2021-06-19,2021-07-01
11,Inter Milan,Italy,€648.90m,648.9,20210619221432,2021-06-19,2021-07-01
12,Borussia Dortmund,Germany,€624.30m,624.3,20210619221432,2021-06-19,2021-07-01
13,Juventus FC,Italy,€600.60m,600.6,20210619221432,2021-06-19,2021-07-01
14,RB Leipzig,Germany,€560.95m,560.95,20210619221432,2021-06-19,2021-07-01
15,Arsenal FC,England,€540.80m,540.8,20210619221432,2021-06-19,2021-07-01
16,SSC Napoli,Italy,€523.20m,523.2,20210619221432,2021-06-19,2021-07-01
17,AC Milan,Italy,€503.50m,503.5,20210619221432,2021-06-19,2021-07-01
18,Leicester City,England,€496.50m,496.5,20210619221432,2021-06-19,2021-07-01
19,Everton FC,England,€463.10m,463.1,20210619221432,2021-06-19,2021-07-01
20,Wolverhampton Wanderers,England,€390.10m,390.1,20210619221432,2021-06-19,2021-07-01
21,Aston Villa,England,€389.30m,389.3,20210619221432,2021-06-19,2021-07-01
22,Atalanta BC,Italy,€388.90m,388.9,20210619221432,2021-06-19,2021-07-01
23,AS Roma,Italy,€372.15m,372.15,20210619221432,2021-06-19,2021-07-01
24,Bayer 04 Leverkusen,Germany,€370.75m,370.75,20210619221432,2021-06-19,2021-07-01
25,Sevilla FC,Spain,€365.40m,365.4,20210619221432,2021-06-19,2021-07-01
1,Manchester City,England,€1.05bn,1050.0,20211001025751,2021-10-01,2021-10-01
2,Paris Saint-Germain,France,€997.75m,997.75,20211001025751,2021-10-01,2021-10-01
3,Manchester United,England,€937.25m,937.25,20211001025751,2021-10-01,2021-10-01
4,Chelsea FC,England,€881.50m,881.5,20211001025751,2021-10-01,2021-10-01
5,Liverpool FC,England,€879.50m,879.5,20211001025751,2021-10-01,2021-10-01
6,Bayern Munich,Germany,€852.90m,852.9,20211001025751,2021-10-01,2021-10-01
7,Real Madrid,Spain,€793.50m,793.5,20211001025751,2021-10-01,2021-10-01
8,Atlético de Madrid,Spain,€755.20m,755.2,20211001025751,2021-10-01,2021-10-01
9,Tottenham Hotspur,England,€697.00m,697.0,20211001025751,2021-10-01,2021-10-01
10,FC Barcelona,Spain,€677.00m,677.0,20211001025751,2021-10-01,2021-10-01
11,Juventus FC,Italy,€640.40m,640.4,20211001025751,2021-10-01,2021-10-01
12,Inter Milan,Italy,€573.30m,573.3,20211001025751,2021-10-01,2021-10-01
13,Borussia Dortmund,Germany,€565.90m,565.9,20211001025751,2021-10-01,2021-10-01
14,Leicester City,England,€550.10m,550.1,20211001025751,2021-10-01,2021-10-01
15,Arsenal FC,England,€548.50m,548.5,20211001025751,2021-10-01,2021-10-01
16,SSC Napoli,Italy,€517.75m,517.75,20211001025751,2021-10-01,2021-10-01
17,RB Leipzig,Germany,€505.55m,505.55,20211001025751,2021-10-01,2021-10-01
18,AC Milan,Italy,€466.90m,466.9,20211001025751,2021-10-01,2021-10-01
19,Everton FC,England,€433.75m,433.75,20211001025751,2021-10-01,2021-10-01
20,Sevilla FC,Spain,€429.40m,429.4,20211001025751,2021-10-01,2021-10-01
21,Atalanta BC,Italy,€415.35m,415.35,20211001025751,2021-10-01,2021-10-01
22,AS Roma,Italy,€410.35m,410.35,20211001025751,2021-10-01,2021-10-01
23,Aston Villa,England,€408.30m,408.3,20211001025751,2021-10-01,2021-10-01
24,Wolverhampton Wanderers,England,€391.10m,391.1,20211001025751,2021-10-01,2021-10-01
25,Real Sociedad,Spain,€377.00m,377.0,20211001025751,2021-10-01,2021-10-01
1,Manchester City,England,€992.25m,992.25,20220104000330,2022-01-04,2022-01-01
2,Paris Saint-Germain,France,€915.70m,915.7,20220104000330,2022-01-04,2022-01-01
3,Chelsea FC,England,€878.50m,878.5,20220104000330,2022-01-04,2022-01-01
4,Manchester United,England,€865.25m,865.25,20220104000330,2022-01-04,2022-01-01
5,Liverpool FC,England,€861.00m,861.0,20220104000330,2022-01-04,2022-01-01
6,Bayern Munich,Germany,€814.50m,814.5,20220104000330,2022-01-04,2022-01-01
7,Real Madrid,Spain,€780.00m,780.0,20220104000330,2022-01-04,2022-01-01
8,Atlético de Madrid,Spain,€649.30m,649.3,20220104000330,2022-01-04,2022-01-01
9,Tottenham Hotspur,England,€643.25m,643.25,20220104000330,2022-01-04,2022-01-01
10,FC Barcelona,Spain,€637.50m,637.5,20220104000330,2022-01-04,2022-01-01
11,Borussia Dortmund,Germany,€579.90m,579.9,20220104000330,2022-01-04,2022-01-01
12,Arsenal FC,England,€562.00m,562.0,20220104000330,2022-01-04,2022-01-01
13,Juventus FC,Italy,€529.40m,529.4,20220104000330,2022-01-04,2022-01-01
14,Inter Milan,Italy,€525.00m,525.0,20220104000330,2022-01-04,2022-01-01
15,Leicester City,England,€515.80m,515.8,20220104000330,2022-01-04,2022-01-01
16,SSC Napoli,Italy,€498.20m,498.2,20220104000330,2022-01-04,2022-01-01
17,RB Leipzig,Germany,€477.90m,477.9,20220104000330,2022-01-04,2022-01-01
18,AC Milan,Italy,€474.10m,474.1,20220104000330,2022-01-04,2022-01-01
19,Everton FC,England,€430.75m,430.75,20220104000330,2022-01-04,2022-01-01
20,Aston Villa,England,€421.30m,421.3,20220104000330,2022-01-04,2022-01-01
21,Bayer 04 Leverkusen,Germany,€407.95m,407.95,20220104000330,2022-01-04,2022-01-01
22,Real Sociedad,Spain,€395.00m,395.0,20220104000330,2022-01-04,2022-01-01
23,Atalanta BC,Italy,€393.10m,393.1,20220104000330,2022-01-04,2022-01-01
24,AS Roma,Italy,€392.15m,392.15,20220104000330,2022-01-04,2022-01-01
25,Sevilla FC,Spain,€389.90m,389.9,20220104000330,2022-01-04,2022-01-01
1,Manchester City,England,€959.30m,959.3,20220401065022,2022-04-01,2022-04-01
2,Paris Saint-Germain,France,€903.45m,903.45,20220401065022,2022-04-01,2022-04-01
3,Liverpool FC,England,€900.50m,900.5,20220401065022,2022-04-01,2022-04-01
4,Chelsea FC,England,€852.00m,852.0,20220401065022,2022-04-01,2022-04-01
5,Bayern Munich,Germany,€804.50m,804.5,20220401065022,2022-04-01,2022-04-01
6,Real Madrid,Spain,€756.50m,756.5,20220401065022,2022-04-01,2022-04-01
7,Manchester United,England,€713.25m,713.25,20220401065022,2022-04-01,2022-04-01
8,FC Barcelona,Spain,€679.00m,679.0,20220401065022,2022-04-01,2022-04-01
9,Atlético de Madrid,Spain,€660.50m,660.5,20220401065022,2022-04-01,2022-04-01
10,Tottenham Hotspur,England,€587.25m,587.25,20220401065022,2022-04-01,2022-04-01
11,Borussia Dortmund,Germany,€560.25m,560.25,20220401065022,2022-04-01,2022-04-01
12,Juventus FC,Italy,€555.60m,555.6,20220401065022,2022-04-01,2022-04-01
13,Inter Milan,Italy,€528.90m,528.9,20220401065022,2022-04-01,2022-04-01
14,Arsenal FC,England,€521.00m,521.0,20220401065022,2022-04-01,2022-04-01
15,Leicester City,England,€514.80m,514.8,20220401065022,2022-04-01,2022-04-01
16,SSC Napoli,Italy,€493.85m,493.85,20220401065022,2022-04-01,2022-04-01
17,AC Milan,Italy,€480.10m,480.1,20220401065022,2022-04-01,2022-04-01
18,RB Leipzig,Germany,€465.60m,465.6,20220401065022,2022-04-01,2022-04-01
19,Everton FC,England,€447.75m,447.75,20220401065022,2022-04-01,2022-04-01
20,Bayer 04 Leverkusen,Germany,€434.45m,434.45,20220401065022,2022-04-01,2022-04-01
21,Aston Villa,England,€433.50m,433.5,20220401065022,2022-04-01,2022-04-01
22,Sevilla FC,Spain,€411.90m,411.9,20220401065022,2022-04-01,2022-04-01
23,Real Sociedad,Spain,€387.40m,387.4,20220401065022,2022-04-01,2022-04-01
24,Atalanta BC,Italy,€384.90m,384.9,20220401065022,2022-04-01,2022-04-01
25,Villarreal CF,Spain,€382.50m,382.5,20220401065022,2022-04-01,2022-04-01
1,Manchester City,England,€1.13bn,1130.0,20220709133004,2022-07-09,2022-07-01
2,Paris Saint-Germain,France,€888.95m,888.95,20220709133004,2022-07-09,2022-07-01
3,Liverpool FC,England,€884.50m,884.5,20220709133004,2022-07-09,2022-07-01
4,Bayern Munich,Germany,€859.10m,859.1,20220709133004,2022-07-09,2022-07-01
5,Real Madrid,Spain,€857.00m,857.0,20220709133004,2022-07-09,2022-07-01
6,Tottenham Hotspur,England,€752.80m,752.8,20220709133004,2022-07-09,2022-07-01
7,Chelsea FC,England,€732.70m,732.7,20220709133004,2022-07-09,2022-07-01
8,Arsenal FC,England,€698.20m,698.2,20220709133004,2022-07-09,2022-07-01
9,Atlético de Madrid,Spain,€686.60m,686.6,20220709133004,2022-07-09,2022-07-01
10,Manchester United,England,€684.30m,684.3,20220709133004,2022-07-09,2022-07-01
11,FC Barcelona,Spain,€678.20m,678.2,20220709133004,2022-07-09,2022-07-01
12,Inter Milan,Italy,€654.95m,654.95,20220709133004,2022-07-09,2022-07-01
13,Leicester City,England,€513.50m,513.5,20220709133004,2022-07-09,2022-07-01
14,Borussia Dortmund,Germany,€510.95m,510.95,20220709133004,2022-07-09,2022-07-01
15,Aston Villa,England,€506.10m,506.1,20220709133004,2022-07-09,2022-07-01
16,AC Milan,Italy,€500.55m,500.55,20220709133004,2022-07-09,2022-07-01
17,RB Leipzig,Germany,€498.98m,498.98,20220709133004,2022-07-09,2022-07-01
18,Juventus FC,Italy,€496.70m,496.7,20220709133004,2022-07-09,2022-07-01
19,SSC Napoli,Italy,€466.98m,466.98,20220709133004,2022-07-09,2022-07-01
20,Bayer 04 Leverkusen,Germany,€455.93m,455.93,20220709133004,2022-07-09,2022-07-01
21,Atalanta BC,Italy,€377.85m,377.85,20220709133004,2022-07-09,2022-07-01
22,AS Roma,Italy,€377.05m,377.05,20220709133004,2022-07-09,2022-07-01
23,Villarreal CF,Spain,€373.20m,373.2,20220709133004,2022-07-09,2022-07-01
24,Everton FC,England,€360.70m,360.7,20220709133004,2022-07-09,2022-07-01
25,Real Sociedad,Spain,€359.20m,359.2,20220709133004,2022-07-09,2022-07-01
1,Manchester City,England,€1.06bn,1060.0,20221004043747,2022-10-04,2022-10-01
2,Liverpool FC,England,€925.00m,925.0,20221004043747,2022-10-04,2022-10-01
3,Paris Saint-Germain,France,€890.35m,890.35,20221004043747,2022-10-04,2022-10-01
4,Bayern Munich,Germany,€878.70m,878.7,20221004043747,2022-10-04,2022-10-01
5,Chelsea FC,England,€861.50m,861.5,20221004043747,2022-10-04,2022-10-01
6,Real Madrid,Spain,€837.50m,837.5,20221004043747,2022-10-04,2022-10-01
7,FC Barcelona,Spain,€813.70m,813.7,20221004043747,2022-10-04,2022-10-01
8,Manchester United,England,€798.30m,798.3,20221004043747,2022-10-04,2022-10-01
9,Tottenham Hotspur,England,€685.30m,685.3,20221004043747,2022-10-04,2022-10-01
10,Arsenal FC,England,€665.50m,665.5,20221004043747,2022-10-04,2022-10-01
11,Atlético de Madrid,Spain,€611.50m,611.5,20221004043747,2022-10-04,2022-10-01
12,Inter Milan,Italy,€592.95m,592.95,20221004043747,2022-10-04,2022-10-01
13,AC Milan,Italy,€550.55m,550.55,20221004043747,2022-10-04,2022-10-01
14,Aston Villa,England,€505.60m,505.6,20221004043747,2022-10-04,2022-10-01
15,Juventus FC,Italy,€502.40m,502.4,20221004043747,2022-10-04,2022-10-01
16,RB Leipzig,Germany,€484.48m,484.48,20221004043747,2022-10-04,2022-10-01
17,Borussia Dortmund,Germany,€483.00m,483.0,20221004043747,2022-10-04,2022-10-01
18,SSC Napoli,Italy,€480.55m,480.55,20221004043747,2022-10-04,2022-10-01
19,West Ham United,England,€471.90m,471.9,20221004043747,2022-10-04,2022-10-01
20,Bayer 04 Leverkusen,Germany,€469.85m,469.85,20221004043747,2022-10-04,2022-10-01
21,Leicester City,England,€454.10m,454.1,20221004043747,2022-10-04,2022-10-01
22,Everton FC,England,€431.80m,431.8,20221004043747,2022-10-04,2022-10-01
23,Newcastle United,England,€422.10m,422.1,20221004043747,2022-10-04,2022-10-01
24,AS Roma,Italy,€393.35m,393.35,20221004043747,2022-10-04,2022-10-01
25,Wolverhampton Wanderers,England,€386.25m,386.25,20221004043747,2022-10-04,2022-10-01
1,Manchester City,England,€1.11bn,1110.0,20230106094526,2023-01-06,2023-01-01
2,Bayern Munich,Germany,€939.70m,939.7,20230106094526,2023-01-06,2023-01-01
3,Liverpool FC,England,€928.00m,928.0,20230106094526,2023-01-06,2023-01-01
4,Paris Saint-Germain,France,€914.55m,914.55,20230106094526,2023-01-06,2023-01-01
5,Chelsea FC,England,€904.50m,904.5,20230106094526,2023-01-06,2023-01-01
6,Real Madrid,Spain,€849.00m,849.0,20230106094526,2023-01-06,2023-01-01
7,FC Barcelona,Spain,€797.00m,797.0,20230106094526,2023-01-06,2023-01-01
8,Arsenal FC,England,€759.00m,759.0,20230106094526,2023-01-06,2023-01-01
9,Manchester United,England,€726.60m,726.6,20230106094526,2023-01-06,2023-01-01
10,Tottenham Hotspur,England,€688.30m,688.3,20230106094526,2023-01-06,2023-01-01
11,AC Milan,Italy,€574.40m,574.4,20230106094526,2023-01-06,2023-01-01
12,Inter Milan,Italy,€560.25m,560.25,20230106094526,2023-01-06,2023-01-01
13,SSC Napoli,Italy,€539.80m,539.8,20230106094526,2023-01-06,2023-01-01
14,Borussia Dortmund,Germany,€519.20m,519.2,20230106094526,2023-01-06,2023-01-01
15,Atlético de Madrid,Spain,€509.50m,509.5,20230106094526,2023-01-06,2023-01-01
16,RB Leipzig,Germany,€493.30m,493.3,20230106094526,2023-01-06,2023-01-01
17,Aston Villa,England,€467.60m,467.6,20230106094526,2023-01-06,2023-01-01
18,Juventus FC,Italy,€465.80m,465.8,20230106094526,2023-01-06,2023-01-01
19,West Ham United,England,€460.50m,460.5,20230106094526,2023-01-06,2023-01-01
20,Newcastle United,England,€452.20m,452.2,20230106094526,2023-01-06,2023-01-01
21,Leicester City,England,€428.10m,428.1,20230106094526,2023-01-06,2023-01-01
22,Bayer 04 Leverkusen,Germany,€420.85m,420.85,20230106094526,2023-01-06,2023-01-01
23,Everton FC,England,€408.30m,408.3,20230106094526,2023-01-06,2023-01-01
24,Wolverhampton Wanderers,England,€388.00m,388.0,20230106094526,2023-01-06,2023-01-01
25,Real Sociedad,Spain,€385.50m,385.5,20230106094526,2023-01-06,2023-01-01
1,Manchester City,England,€1.05bn,1050.0,20230404131814,2023-04-04,2023-04-01
2,Chelsea FC,England,€1.02bn,1020.0,20230404131814,2023-04-04,2023-04-01
3,Bayern Munich,Germany,€979.70m,979.7,20230404131814,2023-04-04,2023-04-01
4,Arsenal FC,England,€890.00m,890.0,20230404131814,2023-04-04,2023-04-01
5,Paris Saint-Germain,France,€882.55m,882.55,20230404131814,2023-04-04,2023-04-01
6,Liverpool FC,England,€879.00m,879.0,20230404131814,2023-04-04,2023-04-01
7,Real Madrid,Spain,€860.50m,860.5,20230404131814,2023-04-04,2023-04-01
8,Manchester United,England,€795.70m,795.7,20230404131814,2023-04-04,2023-04-01
9,FC Barcelona,Spain,€767.00m,767.0,20230404131814,2023-04-04,2023-04-01
10,Tottenham Hotspur,England,€680.30m,680.3,20230404131814,2023-04-04,2023-04-01
11,SSC Napoli,Italy,€629.00m,629.0,20230404131814,2023-04-04,2023-04-01
12,Borussia Dortmund,Germany,€547.70m,547.7,20230404131814,2023-04-04,2023-04-01
13,AC Milan,Italy,€547.25m,547.25,20230404131814,2023-04-04,2023-04-01
14,Inter Milan,Italy,€534.45m,534.45,20230404131814,2023-04-04,2023-04-01
15,Newcastle United,England,€494.30m,494.3,20230404131814,2023-04-04,2023-04-01
16,RB Leipzig,Germany,€487.30m,487.3,20230404131814,2023-04-04,2023-04-01
17,Atlético de Madrid,Spain,€457.00m,457.0,20230404131814,2023-04-04,2023-04-01
18,West Ham United,England,€451.50m,451.5,20230404131814,2023-04-04,2023-04-01
19,Leicester City,England,€443.10m,443.1,20230404131814,2023-04-04,2023-04-01
20,Aston Villa,England,€437.00m,437.0,20230404131814,2023-04-04,2023-04-01
21,Bayer 04 Leverkusen,Germany,€421.85m,421.85,20230404131814,2023-04-04,2023-04-01
22,Juventus FC,Italy,€420.70m,420.7,20230404131814,2023-04-04,2023-04-01
23,Wolverhampton Wanderers,England,€398.70m,398.7,20230404131814,2023-04-04,2023-04-01
24,Southampton FC,England,€397.00m,397.0,20230404131814,2023-04-04,2023-04-01
25,Real Sociedad,Spain,€375.50m,375.5,20230404131814,2023-04-04,2023-04-01
1,Arsenal FC,England,€1.21bn,1210.0,20230717122535,2023-07-17,2023-07-01
2,Manchester City,England,€1.19bn,1190.0,20230717122535,2023-07-17,2023-07-01
3,Paris Saint-Germain,France,€1.03bn,1030.0,20230717122535,2023-07-17,2023-07-01
4,Real Madrid,Spain,€991.00m,991.0,20230717122535,2023-07-17,2023-07-01
5,Bayern Munich,Germany,€894.50m,894.5,20230717122535,2023-07-17,2023-07-01
6,Chelsea FC,England,€868.50m,868.5,20230717122535,2023-07-17,2023-07-01
7,FC Barcelona,Spain,€865.00m,865.0,20230717122535,2023-07-17,2023-07-01
8,Liverpool FC,England,€846.80m,846.8,20230717122535,2023-07-17,2023-07-01
9,Manchester United,England,€833.80m,833.8,20230717122535,2023-07-17,2023-07-01
10,Tottenham Hotspur,England,€773.30m,773.3,20230717122535,2023-07-17,2023-07-01
11,SSC Napoli,Italy,€629.08m,629.08,20230717122535,2023-07-17,2023-07-01
12,Newcastle United,England,€580.10m,580.1,20230717122535,2023-07-17,2023-07-01
13,Aston Villa,England,€552.00m,552.0,20230717122535,2023-07-17,2023-07-01
14,Atlético de Madrid,Spain,€535.20m,535.2,20230717122535,2023-07-17,2023-07-01
15,Inter Milan,Italy,€529.15m,529.15,20230717122535,2023-07-17,2023-07-01
16,AC Milan,Italy,€512.75m,512.75,20230717122535,2023-07-17,2023-07-01
17,Juventus FC,Italy,€512.20m,512.2,20230717122535,2023-07-17,2023-07-01
18,Bayer 04 Leverkusen,Germany,€472.65m,472.65,20230717122535,2023-07-17,2023-07-01
19,Brighton & Hove Albion,England,€470.05m,470.05,20230717122535,2023-07-17,2023-07-01
20,Borussia Dortmund,Germany,€443.80m,443.8,20230717122535,2023-07-17,2023-07-01
21,RB Leipzig,Germany,€441.70m,441.7,20230717122535,2023-07-17,2023-07-01
22,Brentford FC,England,€396.80m,396.8,20230717122535,2023-07-17,2023-07-01
23,Southampton FC,England,€387.70m,387.7,20230717122535,2023-07-17,2023-07-01
24,Atalanta BC,Italy,€378.53m,378.53,20230717122535,2023-07-17,2023-07-01
25,Wolverhampton Wanderers,England,€373.68m,373.68,20230717122535,2023-07-17,2023-07-01
1,Manchester City,England,€1.18bn,1180.0,20231002195111,2023-10-02,2023-10-01
2,Arsenal FC,England,€1.09bn,1090.0,20231002195111,2023-10-02,2023-10-01
3,Paris Saint-Germain,France,€1.03bn,1030.0,20231002195111,2023-10-02,2023-10-01
4,Real Madrid,Spain,€991.00m,991.0,20231002195111,2023-10-02,2023-10-01
5,Chelsea FC,England,€925.75m,925.75,20231002195111,2023-10-02,2023-10-01
6,Bayern Munich,Germany,€897.53m,897.53,20231002195111,2023-10-02,2023-10-01
7,Manchester United,England,€882.30m,882.3,20231002195111,2023-10-02,2023-10-01
8,Liverpool FC,England,€830.70m,830.7,20231002195111,2023-10-02,2023-10-01
9,FC Barcelona,Spain,€814.30m,814.3,20231002195111,2023-10-02,2023-10-01
10,Tottenham Hotspur,England,€689.30m,689.3,20231002195111,2023-10-02,2023-10-01
11,Newcastle United,England,€598.00m,598.0,20231002195111,2023-10-02,2023-10-01
12,Aston Villa,England,€597.70m,597.7,20231002195111,2023-10-02,2023-10-01
13,SSC Napoli,Italy,€577.75m,577.75,20231002195111,2023-10-02,2023-10-01
14,AC Milan,Italy,€529.15m,529.15,20231002195111,2023-10-02,2023-10-01
15,Inter Milan,Italy,€523.35m,523.35,20231002195111,2023-10-02,2023-10-01
16,Borussia Dortmund,Germany,€467.00m,467.0,20231002195111,2023-10-02,2023-10-01
17,Bayer 04 Leverkusen,Germany,€446.05m,446.05,20231002195111,2023-10-02,2023-10-01
18,West Ham United,England,€443.15m,443.15,20231002195111,2023-10-02,2023-10-01
19,Atlético de Madrid,Spain,€442.00m,442.0,20231002195111,2023-10-02,2023-10-01
20,Juventus FC,Italy,€433.20m,433.2,20231002195111,2023-10-02,2023-10-01
21,RB Leipzig,Germany,€403.10m,403.1,20231002195111,2023-10-02,2023-10-01
22,Real Sociedad,Spain,€397.75m,397.75,20231002195111,2023-10-02,2023-10-01
23,Nottingham Forest,England,€381.58m,381.58,20231002195111,2023-10-02,2023-10-01
24,AS Roma,Italy,€381.55m,381.55,20231002195111,2023-10-02,2023-10-01
25,Brighton & Hove Albion,England,€376.30m,376.3,20231002195111,2023-10-02,2023-10-01
1,Manchester City,England,€1.29bn,1290.0,20240101100200,2024-01-01,2024-01-01
2,Arsenal FC,England,€1.11bn,1110.0,20240101100200,2024-01-01,2024-01-01
3,Real Madrid,Spain,€1.04bn,1040.0,20240101100200,2024-01-01,2024-01-01
4,Paris Saint-Germain,France,€1.03bn,1030.0,20240101100200,2024-01-01,2024-01-01
5,Chelsea FC,England,€983.80m,983.8,20240101100200,2024-01-01,2024-01-01
6,Bayern Munich,Germany,€931.95m,931.95,20240101100200,2024-01-01,2024-01-01
7,Liverpool FC,England,€866.60m,866.6,20240101100200,2024-01-01,2024-01-01
8,FC Barcelona,Spain,€818.00m,818.0,20240101100200,2024-01-01,2024-01-01
9,Manchester United,England,€795.25m,795.25,20240101100200,2024-01-01,2024-01-01
10,Tottenham Hotspur,England,€754.80m,754.8,20240101100200,2024-01-01,2024-01-01
11,Newcastle United,England,€640.70m,640.7,20240101100200,2024-01-01,2024-01-01
12,Aston Villa,England,€638.50m,638.5,20240101100200,2024-01-01,2024-01-01
13,Inter Milan,Italy,€586.85m,586.85,20240101100200,2024-01-01,2024-01-01
14,Bayer 04 Leverkusen,Germany,€562.55m,562.55,20240101100200,2024-01-01,2024-01-01
15,SSC Napoli,Italy,€534.25m,534.25,20240101100200,2024-01-01,2024-01-01
16,AC Milan,Italy,€533.45m,533.45,20240101100200,2024-01-01,2024-01-01
17,RB Leipzig,Germany,€499.60m,499.6,20240101100200,2024-01-01,2024-01-01
18,Brighton & Hove Albion,England,€488.10m,488.1,20240101100200,2024-01-01,2024-01-01
19,West Ham United,England,€462.10m,462.1,20240101100200,2024-01-01,2024-01-01
20,Borussia Dortmund,Germany,€442.80m,442.8,20240101100200,2024-01-01,2024-01-01
21,Atlético de Madrid,Spain,€433.00m,433.0,20240101100200,2024-01-01,2024-01-01
22,Real Sociedad,Spain,€431.10m,431.1,20240101100200,2024-01-01,2024-01-01
23,Juventus FC,Italy,€426.70m,426.7,20240101100200,2024-01-01,2024-01-01
24,Nottingham Forest,England,€396.45m,396.45,20240101100200,2024-01-01,2024-01-01
25,Brentford FC,England,€395.10m,395.1,20240101100200,2024-01-01,2024-01-01
1,Manchester City,England,€1.27bn,1270.0,20240318211414,2024-03-18,2024-04-01
2,Arsenal FC,England,€1.12bn,1120.0,20240318211414,2024-03-18,2024-04-01
3,Real Madrid,Spain,€1.04bn,1040.0,20240318211414,2024-03-18,2024-04-01
4,Paris Saint-Germain,France,€1.03bn,1030.0,20240318211414,2024-03-18,2024-04-01
5,Bayern Munich,Germany,€976.45m,976.45,20240318211414,2024-03-18,2024-04-01
6,Chelsea FC,England,€928.30m,928.3,20240318211414,2024-03-18,2024-04-01
7,Liverpool FC,England,€921.40m,921.4,20240318211414,2024-03-18,2024-04-01
8,FC Barcelona,Spain,€853.50m,853.5,20240318211414,2024-03-18,2024-04-01
9,Tottenham Hotspur,England,€780.30m,780.3,20240318211414,2024-03-18,2024-04-01
10,Manchester United,England,€734.25m,734.25,20240318211414,2024-03-18,2024-04-01
11,Aston Villa,England,€646.20m,646.2,20240318211414,2024-03-18,2024-04-01
12,Newcastle United,England,€637.70m,637.7,20240318211414,2024-03-18,2024-04-01
13,Inter Milan,Italy,€622.35m,622.35,20240318211414,2024-03-18,2024-04-01
14,Bayer 04 Leverkusen,Germany,€566.55m,566.55,20240318211414,2024-03-18,2024-04-01
15,AC Milan,Italy,€533.45m,533.45,20240318211414,2024-03-18,2024-04-01
16,SSC Napoli,Italy,€513.15m,513.15,20240318211414,2024-03-18,2024-04-01
17,Brighton & Hove Albion,England,€505.10m,505.1,20240318211414,2024-03-18,2024-04-01
18,Juventus FC,Italy,€490.20m,490.2,20240318211414,2024-03-18,2024-04-01
19,Real Sociedad,Spain,€487.60m,487.6,20240318211414,2024-03-18,2024-04-01
20,RB Leipzig,Germany,€483.60m,483.6,20240318211414,2024-03-18,2024-04-01
21,Borussia Dortmund,Germany,€464.90m,464.9,20240318211414,2024-03-18,2024-04-01
22,Atlético de Madrid,Spain,€454.40m,454.4,20240318211414,2024-03-18,2024-04-01
23,West Ham United,England,€446.60m,446.6,20240318211414,2024-03-18,2024-04-01
24,Brentford FC,England,€426.08m,426.08,20240318211414,2024-03-18,2024-04-01
25,Crystal Palace,England,€404.70m,404.7,20240318211414,2024-03-18,2024-04-01
1,Manchester City,England,€1.38bn,1380.0,20240702113735,2024-07-02,2024-07-01
2,Real Madrid,Spain,€1.28bn,1280.0,20240702113735,2024-07-02,2024-07-01
3,Arsenal FC,England,€1.14bn,1140.0,20240702113735,2024-07-02,2024-07-01
4,Chelsea FC,England,€1.05bn,1050.0,20240702113735,2024-07-02,2024-07-01
5,Paris Saint-Germain,France,€948.20m,948.2,20240702113735,2024-07-02,2024-07-01
6,Bayern Munich,Germany,€937.40m,937.4,20240702113735,2024-07-02,2024-07-01
7,Liverpool FC,England,€931.30m,931.3,20240702113735,2024-07-02,2024-07-01
8,FC Barcelona,Spain,€850.00m,850.0,20240702113735,2024-07-02,2024-07-01
9,Tottenham Hotspur,England,€818.50m,818.5,20240702113735,2024-07-02,2024-07-01
10,Manchester United,England,€741.15m,741.15,20240702113735,2024-07-02,2024-07-01
11,Inter Milan,Italy,€718.45m,718.45,20240702113735,2024-07-02,2024-07-01
12,Newcastle United,England,€656.35m,656.35,20240702113735,2024-07-02,2024-07-01
13,Bayer 04 Leverkusen,Germany,€655.55m,655.55,20240702113735,2024-07-02,2024-07-01
14,Aston Villa,England,€645.10m,645.1,20240702113735,2024-07-02,2024-07-01
15,AC Milan,Italy,€565.80m,565.8,20240702113735,2024-07-02,2024-07-01
16,Brighton & Hove Albion,England,€555.25m,555.25,20240702113735,2024-07-02,2024-07-01
17,Juventus FC,Italy,€522.00m,522.0,20240702113735,2024-07-02,2024-07-01
18,Crystal Palace,England,€471.50m,471.5,20240702113735,2024-07-02,2024-07-01
19,Real Sociedad,Spain,€461.30m,461.3,20240702113735,2024-07-02,2024-07-01
20,Brentford FC,England,€458.18m,458.18,20240702113735,2024-07-02,2024-07-01
21,SSC Napoli,Italy,€453.95m,453.95,20240702113735,2024-07-02,2024-07-01
22,RB Leipzig,Germany,€452.63m,452.63,20240702113735,2024-07-02,2024-07-01
23,Atalanta BC,Italy,€440.60m,440.6,20240702113735,2024-07-02,2024-07-01
24,Atlético de Madrid,Spain,€440.15m,440.15,20240702113735,2024-07-02,2024-07-01
25,West Ham United,England,€431.50m,431.5,20240702113735,2024-07-02,2024-07-01
1,Real Madrid,Spain,€1.34bn,1340.0,20241002175044,2024-10-02,2024-10-01
2,Manchester City,England,€1.26bn,1260.0,20241002175044,2024-10-02,2024-10-01
3,Arsenal FC,England,€1.16bn,1160.0,20241002175044,2024-10-02,2024-10-01
4,Chelsea FC,England,€954.20m,954.2,20241002175044,2024-10-02,2024-10-01
5,Bayern Munich,Germany,€944.70m,944.7,20241002175044,2024-10-02,2024-10-01
6,Liverpool FC,England,€923.00m,923.0,20241002175044,2024-10-02,2024-10-01
7,FC Barcelona,Spain,€881.40m,881.4,20241002175044,2024-10-02,2024-10-01
8,Paris Saint-Germain,France,€873.50m,873.5,20241002175044,2024-10-02,2024-10-01
9,Manchester United,England,€854.15m,854.15,20241002175044,2024-10-02,2024-10-01
10,Tottenham Hotspur,England,€787.30m,787.3,20241002175044,2024-10-02,2024-10-01
11,Inter Milan,Italy,€672.30m,672.3,20241002175044,2024-10-02,2024-10-01
12,Newcastle United,England,€657.65m,657.65,20241002175044,2024-10-02,2024-10-01
13,Bayer 04 Leverkusen,Germany,€627.25m,627.25,20241002175044,2024-10-02,2024-10-01
14,Aston Villa,England,€615.45m,615.45,20241002175044,2024-10-02,2024-10-01
15,AC Milan,Italy,€601.01m,601.01,20241002175044,2024-10-02,2024-10-01
16,Juventus FC,Italy,€575.15m,575.15,20241002175044,2024-10-02,2024-10-01
17,Brighton & Hove Albion,England,€572.10m,572.1,20241002175044,2024-10-02,2024-10-01
18,Atlético de Madrid,Spain,€529.50m,529.5,20241002175044,2024-10-02,2024-10-01
19,RB Leipzig,Germany,€513.90m,513.9,20241002175044,2024-10-02,2024-10-01
20,West Ham United,England,€481.50m,481.5,20241002175044,2024-10-02,2024-10-01
21,Borussia Dortmund,Germany,€461.90m,461.9,20241002175044,2024-10-02,2024-10-01
22,Crystal Palace,England,€438.18m,438.18,20241002175044,2024-10-02,2024-10-01
23,SSC Napoli,Italy,€431.40m,431.4,20241002175044,2024-10-02,2024-10-01
24,Real Sociedad,Spain,€431.20m,431.2,20241002175044,2024-10-02,2024-10-01
25,Nottingham Forest,England,€428.00m,428.0,20241002175044,2024-10-02,2024-10-01
1,Real Madrid,Spain,€1.23bn,1230.0,20250101054523,2025-01-01,2025-01-01
2,Manchester City,England,€1.21bn,1210.0,20250101054523,2025-01-01,2025-01-01
3,Arsenal FC,England,€1.16bn,1160.0,20250101054523,2025-01-01,2025-01-01
4,Chelsea FC,England,€1.02bn,1020.0,20250101054523,2025-01-01,2025-01-01
5,FC Barcelona,Spain,€1.02bn,1020.0,20250101054523,2025-01-01,2025-01-01
6,Liverpool FC,England,€968.40m,968.4,20250101054523,2025-01-01,2025-01-01
7,Bayern Munich,Germany,€887.00m,887.0,20250101054523,2025-01-01,2025-01-01
8,Paris Saint-Germain,France,€850.50m,850.5,20250101054523,2025-01-01,2025-01-01
9,Manchester United,England,€794.65m,794.65,20250101054523,2025-01-01,2025-01-01
10,Tottenham Hotspur,England,€783.80m,783.8,20250101054523,2025-01-01,2025-01-01
11,Inter Milan,Italy,€675.30m,675.3,20250101054523,2025-01-01,2025-01-01
12,Newcastle United,England,€642.35m,642.35,20250101054523,2025-01-01,2025-01-01
13,Brighton & Hove Albion,England,€618.60m,618.6,20250101054523,2025-01-01,2025-01-01
14,Juventus FC,Italy,€615.20m,615.2,20250101054523,2025-01-01,2025-01-01
15,Bayer 04 Leverkusen,Germany,€609.60m,609.6,20250101054523,2025-01-01,2025-01-01
16,Aston Villa,England,€601.95m,601.95,20250101054523,2025-01-01,2025-01-01
17,AC Milan,Italy,€533.00m,533.0,20250101054523,2025-01-01,2025-01-01
18,RB Leipzig,Germany,€525.25m,525.25,20250101054523,2025-01-01,2025-01-01
19,Atlético de Madrid,Spain,€498.80m,498.8,20250101054523,2025-01-01,2025-01-01
20,Atalanta BC,Italy,€487.10m,487.1,20250101054523,2025-01-01,2025-01-01
21,Sporting CP,Portugal,€474.00m,474.0,20250101054523,2025-01-01,2025-01-01
22,Borussia Dortmund,Germany,€473.10m,473.1,20250101054523,2025-01-01,2025-01-01
23,Nottingham Forest,England,€442.00m,442.0,20250101054523,2025-01-01,2025-01-01
24,West Ham United,England,€439.30m,439.3,20250101054523,2025-01-01,2025-01-01
25,SSC Napoli,Italy,€431.05m,431.05,20250101054523,2025-01-01,2025-01-01
1,Manchester City,England,€1.31bn,1310.0,20250402024655,2025-04-02,2025-04-01
2,Real Madrid,Spain,€1.27bn,1270.0,20250402024655,2025-04-02,2025-04-01
3,Arsenal FC,England,€1.13bn,1130.0,20250402024655,2025-04-02,2025-04-01
4,FC Barcelona,Spain,€1.02bn,1020.0,20250402024655,2025-04-02,2025-04-01
5,Liverpool FC,England,€993.50m,993.5,20250402024655,2025-04-02,2025-04-01
6,Paris Saint-Germain,France,€923.50m,923.5,20250402024655,2025-04-02,2025-04-01
7,Chelsea FC,England,€922.00m,922.0,20250402024655,2025-04-02,2025-04-01
8,Bayern Munich,Germany,€859.00m,859.0,20250402024655,2025-04-02,2025-04-01
9,Tottenham Hotspur,England,€836.10m,836.1,20250402024655,2025-04-02,2025-04-01
10,Manchester United,England,€694.25m,694.25,20250402024655,2025-04-02,2025-04-01
11,Inter Milan,Italy,€663.80m,663.8,20250402024655,2025-04-02,2025-04-01
12,Bayer 04 Leverkusen,Germany,€644.05m,644.05,20250402024655,2025-04-02,2025-04-01
13,Newcastle United,England,€635.00m,635.0,20250402024655,2025-04-02,2025-04-01
14,Aston Villa,England,€627.50m,627.5,20250402024655,2025-04-02,2025-04-01
15,Juventus FC,Italy,€623.20m,623.2,20250402024655,2025-04-02,2025-04-01
16,Brighton & Hove Albion,England,€555.60m,555.6,20250402024655,2025-04-02,2025-04-01
17,AC Milan,Italy,€523.50m,523.5,20250402024655,2025-04-02,2025-04-01
18,Atlético de Madrid,Spain,€515.80m,515.8,20250402024655,2025-04-02,2025-04-01
19,RB Leipzig,Germany,€510.75m,510.75,20250402024655,2025-04-02,2025-04-01
20,Sporting CP,Portugal,€487.50m,487.5,20250402024655,2025-04-02,2025-04-01
21,Atalanta BC,Italy,€478.60m,478.6,20250402024655,2025-04-02,2025-04-01
22,West Ham United,England,€454.30m,454.3,20250402024655,2025-04-02,2025-04-01
23,Nottingham Forest,England,€447.18m,447.18,20250402024655,2025-04-02,2025-04-01
24,Crystal Palace,England,€441.00m,441.0,20250402024655,2025-04-02,2025-04-01
25,Borussia Dortmund,Germany,€436.40m,436.4,20250402024655,2025-04-02,2025-04-01
1,Real Madrid,Spain,€1.34bn,1340.0,20250702105313,2025-07-02,2025-07-01
2,Manchester City,England,€1.33bn,1330.0,20250702105313,2025-07-02,2025-07-01
3,Chelsea FC,England,€1.15bn,1150.0,20250702105313,2025-07-02,2025-07-01
4,Paris Saint-Germain,France,€1.12bn,1120.0,20250702105313,2025-07-02,2025-07-01
5,Arsenal FC,England,€1.12bn,1120.0,20250702105313,2025-07-02,2025-07-01
6,Liverpool FC,England,€1.12bn,1120.0,20250702105313,2025-07-02,2025-07-01
7,FC Barcelona,Spain,€1.09bn,1090.0,20250702105313,2025-07-02,2025-07-01
8,Bayern Munich,Germany,€892.00m,892.0,20250702105313,2025-07-02,2025-07-01
9,Manchester United,England,€818.00m,818.0,20250702105313,2025-07-02,2025-07-01
10,Tottenham Hotspur,England,€804.90m,804.9,20250702105313,2025-07-02,2025-07-01
11,Inter Milan,Italy,€739.80m,739.8,20250702105313,2025-07-02,2025-07-01
12,Brighton & Hove Albion,England,€732.00m,732.0,20250702105313,2025-07-02,2025-07-01
13,Newcastle United,England,€642.88m,642.88,20250702105313,2025-07-02,2025-07-01
14,Juventus FC,Italy,€606.10m,606.1,20250702105313,2025-07-02,2025-07-01
15,Aston Villa,England,€571.30m,571.3,20250702105313,2025-07-02,2025-07-01
16,Sporting CP,Portugal,€523.30m,523.3,20250702105313,2025-07-02,2025-07-01
17,Atlético de Madrid,Spain,€519.00m,519.0,20250702105313,2025-07-02,2025-07-01
18,RB Leipzig,Germany,€502.30m,502.3,20250702105313,2025-07-02,2025-07-01
19,SSC Napoli,Italy,€500.85m,500.85,20250702105313,2025-07-02,2025-07-01
20,Borussia Dortmund,Germany,€485.10m,485.1,20250702105313,2025-07-02,2025-07-01
21,Nottingham Forest,England,€470.35m,470.35,20250702105313,2025-07-02,2025-07-01
22,Atalanta BC,Italy,€462.60m,462.6,20250702105313,2025-07-02,2025-07-01
23,AC Milan,Italy,€460.70m,460.7,20250702105313,2025-07-02,2025-07-01
24,Crystal Palace,England,€458.70m,458.7,20250702105313,2025-07-02,2025-07-01
25,Brentford FC,England,€433.08m,433.08,20250702105313,2025-07-02,2025-07-01
1,Real Madrid,Spain,€1.40bn,1400.0,20251001130917,2025-10-01,2025-10-01
2,Arsenal FC,England,€1.33bn,1330.0,20251001130917,2025-10-01,2025-10-01
3,Manchester City,England,€1.23bn,1230.0,20251001130917,2025-10-01,2025-10-01
4,Liverpool FC,England,€1.12bn,1120.0,20251001130917,2025-10-01,2025-10-01
5,FC Barcelona,Spain,€1.11bn,1110.0,20251001130917,2025-10-01,2025-10-01
6,Chelsea FC,England,€1.08bn,1080.0,20251001130917,2025-10-01,2025-10-01
7,Paris Saint-Germain,France,€1.07bn,1070.0,20251001130917,2025-10-01,2025-10-01
8,Bayern Munich,Germany,€906.65m,906.65,20251001130917,2025-10-01,2025-10-01
9,Tottenham Hotspur,England,€891.10m,891.1,20251001130917,2025-10-01,2025-10-01
10,Manchester United,England,€723.20m,723.2,20251001130917,2025-10-01,2025-10-01
11,Inter Milan,Italy,€707.80m,707.8,20251001130917,2025-10-01,2025-10-01
12,Newcastle United,England,€659.05m,659.05,20251001130917,2025-10-01,2025-10-01
13,Atlético de Madrid,Spain,€627.80m,627.8,20251001130917,2025-10-01,2025-10-01
14,Juventus FC,Italy,€582.70m,582.7,20251001130917,2025-10-01,2025-10-01
15,Nottingham Forest,England,€566.00m,566.0,20251001130917,2025-10-01,2025-10-01
16,Aston Villa,England,€547.00m,547.0,20251001130917,2025-10-01,2025-10-01
17,SSC Napoli,Italy,€496.10m,496.1,20251001130917,2025-10-01,2025-10-01
18,AC Milan,Italy,€471.80m,471.8,20251001130917,2025-10-01,2025-10-01
19,Brighton & Hove Albion,England,€462.10m,462.1,20251001130917,2025-10-01,2025-10-01
20,Sporting CP,Portugal,€456.50m,456.5,20251001130917,2025-10-01,2025-10-01
21,Atalanta BC,Italy,€449.90m,449.9,20251001130917,2025-10-01,2025-10-01
22,Borussia Dortmund,Germany,€438.10m,438.1,20251001130917,2025-10-01,2025-10-01
23,Crystal Palace,England,€426.20m,426.2,20251001130917,2025-10-01,2025-10-01
24,Olympique Marseille,France,€394.30m,394.3,20251001130917,2025-10-01,2025-10-01
25,Brentford FC,England,€392.20m,392.2,20251001130917,2025-10-01,2025-10-01
1,Real Madrid,Spain,€1.35bn,1350.0,20260105055004,2026-01-05,2026-01-01
2,Arsenal FC,England,€1.31bn,1310.0,20260105055004,2026-01-05,2026-01-01
3,Manchester City,England,€1.21bn,1210.0,20260105055004,2026-01-05,2026-01-01
4,Paris Saint-Germain,France,€1.19bn,1190.0,20260105055004,2026-01-05,2026-01-01
5,Chelsea FC,England,€1.18bn,1180.0,20260105055004,2026-01-05,2026-01-01
6,FC Barcelona,Spain,€1.12bn,1120.0,20260105055004,2026-01-05,2026-01-01
7,Liverpool FC,England,€1.04bn,1040.0,20260105055004,2026-01-05,2026-01-01
8,Bayern Munich,Germany,€980.95m,980.95,20260105055004,2026-01-05,2026-01-01
9,Tottenham Hotspur,England,€838.50m,838.5,20260105055004,2026-01-05,2026-01-01
10,Manchester United,England,€719.15m,719.15,20260105055004,2026-01-05,2026-01-01
11,Newcastle United,England,€712.95m,712.95,20260105055004,2026-01-05,2026-01-01
12,Inter Milan,Italy,€670.30m,670.3,20260105055004,2026-01-05,2026-01-01
13,Nottingham Forest,England,€627.60m,627.6,20260105055004,2026-01-05,2026-01-01
14,Atlético de Madrid,Spain,€598.00m,598.0,20260105055004,2026-01-05,2026-01-01
15,Juventus FC,Italy,€551.70m,551.7,20260105055004,2026-01-05,2026-01-01
16,Crystal Palace,England,€536.60m,536.6,20260105055004,2026-01-05,2026-01-01
17,Aston Villa,England,€527.50m,527.5,20260105055004,2026-01-05,2026-01-01
18,Brighton & Hove Albion,England,€526.50m,526.5,20260105055004,2026-01-05,2026-01-01
19,Borussia Dortmund,Germany,€507.90m,507.9,20260105055004,2026-01-05,2026-01-01
20,AC Milan,Italy,€493.50m,493.5,20260105055004,2026-01-05,2026-01-01
21,AFC Bournemouth,England,€474.45m,474.45,20260105055004,2026-01-05,2026-01-01
22,Sporting CP,Portugal,€473.00m,473.0,20260105055004,2026-01-05,2026-01-01
23,SSC Napoli,Italy,€466.80m,466.8,20260105055004,2026-01-05,2026-01-01
24,Brentford FC,England,€455.90m,455.9,20260105055004,2026-01-05,2026-01-01
25,Bayer 04 Leverkusen,Germany,€431.25m,431.25,20260105055004,2026-01-05,2026-01-01
1,Real Madrid,Spain,€1.36bn,1360.0,20260308082352,2026-03-08,2026-04-01
2,Manchester City,England,€1.29bn,1290.0,20260308082352,2026-03-08,2026-04-01
3,Arsenal FC,England,€1.27bn,1270.0,20260308082352,2026-03-08,2026-04-01
4,Paris Saint-Germain,France,€1.20bn,1200.0,20260308082352,2026-03-08,2026-04-01
5,Chelsea FC,England,€1.16bn,1160.0,20260308082352,2026-03-08,2026-04-01
6,FC Barcelona,Spain,€1.11bn,1110.0,20260308082352,2026-03-08,2026-04-01
7,Liverpool FC,England,€1.04bn,1040.0,20260308082352,2026-03-08,2026-04-01
8,Bayern Munich,Germany,€959.95m,959.95,20260308082352,2026-03-08,2026-04-01
9,Tottenham Hotspur,England,€876.50m,876.5,20260308082352,2026-03-08,2026-04-01
10,Manchester United,England,€719.15m,719.15,20260308082352,2026-03-08,2026-04-01
11,Newcastle United,England,€709.55m,709.55,20260308082352,2026-03-08,2026-04-01
12,Inter Milan,Italy,€666.80m,666.8,20260308082352,2026-03-08,2026-04-01
13,Nottingham Forest,England,€591.60m,591.6,20260308082352,2026-03-08,2026-04-01
14,Atlético de Madrid,Spain,€584.00m,584.0,20260308082352,2026-03-08,2026-04-01
15,Juventus FC,Italy,€560.20m,560.2,20260308082352,2026-03-08,2026-04-01
16,Crystal Palace,England,€536.30m,536.3,20260308082352,2026-03-08,2026-04-01
17,Aston Villa,England,€531.50m,531.5,20260308082352,2026-03-08,2026-04-01
18,Brighton & Hove Albion,England,€510.00m,510.0,20260308082352,2026-03-08,2026-04-01
19,AC Milan,Italy,€493.50m,493.5,20260308082352,2026-03-08,2026-04-01
20,Borussia Dortmund,Germany,€484.40m,484.4,20260308082352,2026-03-08,2026-04-01
21,Sporting CP,Portugal,€464.00m,464.0,20260308082352,2026-03-08,2026-04-01
22,AFC Bournemouth,England,€447.10m,447.1,20260308082352,2026-03-08,2026-04-01
23,RB Leipzig,Germany,€434.40m,434.4,20260308082352,2026-03-08,2026-04-01
24,Brentford FC,England,€434.40m,434.4,20260308082352,2026-03-08,2026-04-01
25,FC Porto,Portugal,€428.90m,428.9,20260308082352,2026-03-08,2026-04-01
